{"documents":[{"hey":1,"going":1},{"hey":1,"going":1}],"_idfCache":{"hey":0.5945348918918356,"how":1.6931471805599454,"is":1.6931471805599454,"it":1.6931471805599454,"going":0.5945348918918356}}